Month,Rep,Category,Actual Revenue (ZAR),Target Revenue (ZAR),Achievement %,Base Commission (ZAR)
2025-07-01,Naledi Mokoena,Backup Storage & Management,1025.32,0.0,,51.27
2025-08-01,Naledi Mokoena,Backup Storage & Management,0.0,0.0,100.0,0.0
2025-09-01,Naledi Mokoena,Backup Storage & Management,0.0,0.0,100.0,0.0
2025-10-01,Naledi Mokoena,Backup Storage & Management,0.0,0.0,100.0,0.0
2025-11-01,Naledi Mokoena,Backup Storage & Management,3197.95,0.0,,159.9
2025-12-01,Naledi Mokoena,Backup Storage & Management,0.0,0.0,100.0,0.0
2025-07-01,Naledi Mokoena,Image Processing,0.0,0.0,100.0,0.0
2025-08-01,Naledi Mokoena,Image Processing,0.0,0.0,100.0,0.0
2025-09-01,Naledi Mokoena,Image Processing,4083.96,0.0,,204.2
2025-10-01,Naledi Mokoena,Image Processing,0.0,0.0,100.0,0.0
2025-11-01,Naledi Mokoena,Image Processing,0.0,0.0,100.0,0.0
2025-12-01,Naledi Mokoena,Image Processing,0.0,0.0,100.0,0.0
2025-07-01,Naledi Mokoena,Records Management - New,0.0,0.0,100.0,0.0
2025-08-01,Naledi Mokoena,Records Management - New,0.0,0.0,100.0,0.0
2025-09-01,Naledi Mokoena,Records Management - New,0.0,0.0,100.0,0.0
2025-10-01,Naledi Mokoena,Records Management - New,0.0,0.0,100.0,0.0
2025-11-01,Naledi Mokoena,Records Management - New,3655.24,0.0,,182.76
2025-12-01,Naledi Mokoena,Records Management - New,0.0,0.0,100.0,0.0
2025-07-01,Naledi Mokoena,Records Management - Ongoing,0.0,0.0,100.0,0.0
2025-08-01,Naledi Mokoena,Records Management - Ongoing,0.0,0.0,100.0,0.0
2025-09-01,Naledi Mokoena,Records Management - Ongoing,0.0,0.0,100.0,0.0
2025-10-01,Naledi Mokoena,Records Management - Ongoing,1780.16,0.0,,89.01
2025-11-01,Naledi Mokoena,Records Management - Ongoing,0.0,0.0,100.0,0.0
2025-12-01,Naledi Mokoena,Records Management - Ongoing,0.0,0.0,100.0,0.0
2025-07-01,Naledi Mokoena,Software Integration and Related Services,3302.75,0.0,,165.14
2025-08-01,Naledi Mokoena,Software Integration and Related Services,0.0,0.0,100.0,0.0
2025-09-01,Naledi Mokoena,Software Integration and Related Services,0.0,0.0,100.0,0.0
2025-10-01,Naledi Mokoena,Software Integration and Related Services,0.0,0.0,100.0,0.0
2025-11-01,Naledi Mokoena,Software Integration and Related Services,0.0,0.0,100.0,0.0
2025-12-01,Naledi Mokoena,Software Integration and Related Services,0.0,0.0,100.0,0.0
2025-07-01,Kabelo Sithole,Backup Storage & Management,1934.92,0.0,,96.75
2025-08-01,Kabelo Sithole,Backup Storage & Management,0.0,0.0,100.0,0.0
2025-09-01,Kabelo Sithole,Backup Storage & Management,0.0,0.0,100.0,0.0
2025-10-01,Kabelo Sithole,Backup Storage & Management,4609.95,0.0,,230.5
2025-11-01,Kabelo Sithole,Backup Storage & Management,0.0,0.0,100.0,0.0
2025-12-01,Kabelo Sithole,Backup Storage & Management,0.0,0.0,100.0,0.0
2025-07-01,Kabelo Sithole,Image Processing,0.0,0.0,100.0,0.0
2025-08-01,Kabelo Sithole,Image Processing,0.0,0.0,100.0,0.0
2025-09-01,Kabelo Sithole,Image Processing,0.0,0.0,100.0,0.0
2025-10-01,Kabelo Sithole,Image Processing,0.0,0.0,100.0,0.0
2025-11-01,Kabelo Sithole,Image Processing,0.0,0.0,100.0,0.0
2025-12-01,Kabelo Sithole,Image Processing,0.0,0.0,100.0,0.0
2025-07-01,Kabelo Sithole,Records Management - New,0.0,0.0,100.0,0.0
2025-08-01,Kabelo Sithole,Records Management - New,0.0,0.0,100.0,0.0
2025-09-01,Kabelo Sithole,Records Management - New,0.0,0.0,100.0,0.0
2025-10-01,Kabelo Sithole,Records Management - New,0.0,0.0,100.0,0.0
2025-11-01,Kabelo Sithole,Records Management - New,0.0,0.0,100.0,0.0
2025-12-01,Kabelo Sithole,Records Management - New,1214.49,0.0,,60.72
2025-07-01,Kabelo Sithole,Records Management - Ongoing,0.0,0.0,100.0,0.0
2025-08-01,Kabelo Sithole,Records Management - Ongoing,0.0,0.0,100.0,0.0
2025-09-01,Kabelo Sithole,Records Management - Ongoing,0.0,0.0,100.0,0.0
2025-10-01,Kabelo Sithole,Records Management - Ongoing,2333.61,0.0,,116.68
2025-11-01,Kabelo Sithole,Records Management - Ongoing,0.0,0.0,100.0,0.0
2025-12-01,Kabelo Sithole,Records Management - Ongoing,1916.52,0.0,,95.83
2025-07-01,Kabelo Sithole,Software Integration and Related Services,2652.15,0.0,,132.61
2025-08-01,Kabelo Sithole,Software Integration and Related Services,0.0,0.0,100.0,0.0
2025-09-01,Kabelo Sithole,Software Integration and Related Services,0.0,0.0,100.0,0.0
2025-10-01,Kabelo Sithole,Software Integration and Related Services,1620.84,0.0,,81.04
2025-11-01,Kabelo Sithole,Software Integration and Related Services,738.28,0.0,,36.91
2025-12-01,Kabelo Sithole,Software Integration and Related Services,0.0,0.0,100.0,0.0
2025-07-01,Refilwe Dube,Backup Storage & Management,0.0,0.0,100.0,0.0
2025-08-01,Refilwe Dube,Backup Storage & Management,0.0,0.0,100.0,0.0
2025-09-01,Refilwe Dube,Backup Storage & Management,0.0,0.0,100.0,0.0
2025-10-01,Refilwe Dube,Backup Storage & Management,0.0,0.0,100.0,0.0
2025-11-01,Refilwe Dube,Backup Storage & Management,4456.65,0.0,,222.83
2025-12-01,Refilwe Dube,Backup Storage & Management,0.0,0.0,100.0,0.0
2025-07-01,Refilwe Dube,Image Processing,0.0,0.0,100.0,0.0
2025-08-01,Refilwe Dube,Image Processing,0.0,0.0,100.0,0.0
2025-09-01,Refilwe Dube,Image Processing,0.0,0.0,100.0,0.0
2025-10-01,Refilwe Dube,Image Processing,0.0,0.0,100.0,0.0
2025-11-01,Refilwe Dube,Image Processing,1132.82,0.0,,56.64
2025-12-01,Refilwe Dube,Image Processing,743.19,0.0,,37.16
2025-07-01,Refilwe Dube,Records Management - New,3260.22,3093.09,105.4,163.01
2025-08-01,Refilwe Dube,Records Management - New,0.0,0.0,100.0,0.0
2025-09-01,Refilwe Dube,Records Management - New,0.0,0.0,100.0,0.0
2025-10-01,Refilwe Dube,Records Management - New,0.0,0.0,100.0,0.0
2025-11-01,Refilwe Dube,Records Management - New,0.0,0.0,100.0,0.0
2025-12-01,Refilwe Dube,Records Management - New,0.0,0.0,100.0,0.0
2025-07-01,Refilwe Dube,Records Management - Ongoing,1526.52,0.0,,76.33
2025-08-01,Refilwe Dube,Records Management - Ongoing,1732.97,0.0,,86.65
2025-09-01,Refilwe Dube,Records Management - Ongoing,0.0,0.0,100.0,0.0
2025-10-01,Refilwe Dube,Records Management - Ongoing,0.0,0.0,100.0,0.0
2025-11-01,Refilwe Dube,Records Management - Ongoing,0.0,0.0,100.0,0.0
2025-12-01,Refilwe Dube,Records Management - Ongoing,0.0,0.0,100.0,0.0
2025-07-01,Refilwe Dube,Software Integration and Related Services,0.0,0.0,100.0,0.0
2025-08-01,Refilwe Dube,Software Integration and Related Services,0.0,0.0,100.0,0.0
2025-09-01,Refilwe Dube,Software Integration and Related Services,0.0,0.0,100.0,0.0
2025-10-01,Refilwe Dube,Software Integration and Related Services,0.0,0.0,100.0,0.0
2025-11-01,Refilwe Dube,Software Integration and Related Services,0.0,0.0,100.0,0.0
2025-12-01,Refilwe Dube,Software Integration and Related Services,0.0,0.0,100.0,0.0
2025-07-01,Chantelle Nel,Backup Storage & Management,0.0,0.0,100.0,0.0
2025-08-01,Chantelle Nel,Backup Storage & Management,2827.15,0.0,,141.36
2025-09-01,Chantelle Nel,Backup Storage & Management,0.0,0.0,100.0,0.0
2025-10-01,Chantelle Nel,Backup Storage & Management,1288.47,0.0,,64.42
2025-11-01,Chantelle Nel,Backup Storage & Management,1141.74,0.0,,57.09
2025-12-01,Chantelle Nel,Backup Storage & Management,0.0,0.0,100.0,0.0
2025-07-01,Chantelle Nel,Image Processing,0.0,0.0,100.0,0.0
2025-08-01,Chantelle Nel,Image Processing,0.0,0.0,100.0,0.0
2025-09-01,Chantelle Nel,Image Processing,0.0,0.0,100.0,0.0
2025-10-01,Chantelle Nel,Image Processing,0.0,0.0,100.0,0.0
2025-11-01,Chantelle Nel,Image Processing,0.0,0.0,100.0,0.0
2025-12-01,Chantelle Nel,Image Processing,0.0,0.0,100.0,0.0
2025-07-01,Chantelle Nel,Records Management - New,1684.34,0.0,,84.22
2025-08-01,Chantelle Nel,Records Management - New,0.0,0.0,100.0,0.0
2025-09-01,Chantelle Nel,Records Management - New,0.0,0.0,100.0,0.0
2025-10-01,Chantelle Nel,Records Management - New,150222.61,158834.93000000002,94.6,7511.13
2025-11-01,Chantelle Nel,Records Management - New,179125.2,158834.93000000002,112.8,8956.26
2025-12-01,Chantelle Nel,Records Management - New,160020.94,158834.93000000002,100.7,8001.05
2025-07-01,Chantelle Nel,Records Management - Ongoing,0.0,0.0,100.0,0.0
2025-08-01,Chantelle Nel,Records Management - Ongoing,0.0,0.0,100.0,0.0
2025-09-01,Chantelle Nel,Records Management - Ongoing,0.0,0.0,100.0,0.0
2025-10-01,Chantelle Nel,Records Management - Ongoing,1116.58,0.0,,55.83
2025-11-01,Chantelle Nel,Records Management - Ongoing,4174.76,0.0,,208.74
2025-12-01,Chantelle Nel,Records Management - Ongoing,0.0,0.0,100.0,0.0
2025-07-01,Chantelle Nel,Software Integration and Related Services,0.0,0.0,100.0,0.0
2025-08-01,Chantelle Nel,Software Integration and Related Services,0.0,0.0,100.0,0.0
2025-09-01,Chantelle Nel,Software Integration and Related Services,0.0,0.0,100.0,0.0
2025-10-01,Chantelle Nel,Software Integration and Related Services,0.0,0.0,100.0,0.0
2025-11-01,Chantelle Nel,Software Integration and Related Services,0.0,0.0,100.0,0.0
2025-12-01,Chantelle Nel,Software Integration and Related Services,0.0,0.0,100.0,0.0
2025-07-01,Thandeka Ngcobo,Backup Storage & Management,2629.88,0.0,,131.49
2025-08-01,Thandeka Ngcobo,Backup Storage & Management,2194.14,0.0,,109.71
2025-09-01,Thandeka Ngcobo,Backup Storage & Management,2856.58,0.0,,142.83
2025-10-01,Thandeka Ngcobo,Backup Storage & Management,0.0,0.0,100.0,0.0
2025-11-01,Thandeka Ngcobo,Backup Storage & Management,0.0,0.0,100.0,0.0
2025-12-01,Thandeka Ngcobo,Backup Storage & Management,3703.57,0.0,,185.18
2025-07-01,Thandeka Ngcobo,Image Processing,0.0,0.0,100.0,0.0
2025-08-01,Thandeka Ngcobo,Image Processing,0.0,0.0,100.0,0.0
2025-09-01,Thandeka Ngcobo,Image Processing,3388.45,0.0,,169.42
2025-10-01,Thandeka Ngcobo,Image Processing,0.0,0.0,100.0,0.0
2025-11-01,Thandeka Ngcobo,Image Processing,0.0,0.0,100.0,0.0
2025-12-01,Thandeka Ngcobo,Image Processing,0.0,0.0,100.0,0.0
2025-07-01,Thandeka Ngcobo,Records Management - New,787.32,777.7800000000001,101.2,39.37
2025-08-01,Thandeka Ngcobo,Records Management - New,2527.56,0.0,,126.38
2025-09-01,Thandeka Ngcobo,Records Management - New,0.0,0.0,100.0,0.0
2025-10-01,Thandeka Ngcobo,Records Management - New,17343.53,16810.28,103.2,867.18
2025-11-01,Thandeka Ngcobo,Records Management - New,13484.26,13937.69,96.7,674.21
2025-12-01,Thandeka Ngcobo,Records Management - New,15858.04,19642.47,80.7,792.9
2025-07-01,Thandeka Ngcobo,Records Management - Ongoing,0.0,0.0,100.0,0.0
2025-08-01,Thandeka Ngcobo,Records Management - Ongoing,0.0,0.0,100.0,0.0
2025-09-01,Thandeka Ngcobo,Records Management - Ongoing,0.0,0.0,100.0,0.0
2025-10-01,Thandeka Ngcobo,Records Management - Ongoing,0.0,0.0,100.0,0.0
2025-11-01,Thandeka Ngcobo,Records Management - Ongoing,3509.93,0.0,,175.5
2025-12-01,Thandeka Ngcobo,Records Management - Ongoing,0.0,0.0,100.0,0.0
2025-07-01,Thandeka Ngcobo,Software Integration and Related Services,0.0,0.0,100.0,0.0
2025-08-01,Thandeka Ngcobo,Software Integration and Related Services,0.0,0.0,100.0,0.0
2025-09-01,Thandeka Ngcobo,Software Integration and Related Services,0.0,0.0,100.0,0.0
2025-10-01,Thandeka Ngcobo,Software Integration and Related Services,0.0,0.0,100.0,0.0
2025-11-01,Thandeka Ngcobo,Software Integration and Related Services,0.0,0.0,100.0,0.0
2025-12-01,Thandeka Ngcobo,Software Integration and Related Services,0.0,0.0,100.0,0.0
2025-07-01,Palesa Mahlangu,Backup Storage & Management,0.0,0.0,100.0,0.0
2025-08-01,Palesa Mahlangu,Backup Storage & Management,0.0,0.0,100.0,0.0
2025-09-01,Palesa Mahlangu,Backup Storage & Management,0.0,0.0,100.0,0.0
2025-10-01,Palesa Mahlangu,Backup Storage & Management,3673.47,0.0,,183.67
2025-11-01,Palesa Mahlangu,Backup Storage & Management,0.0,0.0,100.0,0.0
2025-12-01,Palesa Mahlangu,Backup Storage & Management,1588.87,0.0,,79.44
2025-07-01,Palesa Mahlangu,Image Processing,0.0,0.0,100.0,0.0
2025-08-01,Palesa Mahlangu,Image Processing,0.0,0.0,100.0,0.0
2025-09-01,Palesa Mahlangu,Image Processing,0.0,0.0,100.0,0.0
2025-10-01,Palesa Mahlangu,Image Processing,0.0,0.0,100.0,0.0
2025-11-01,Palesa Mahlangu,Image Processing,0.0,0.0,100.0,0.0
2025-12-01,Palesa Mahlangu,Image Processing,0.0,0.0,100.0,0.0
2025-07-01,Palesa Mahlangu,Records Management - New,2387.69,0.0,,119.38
2025-08-01,Palesa Mahlangu,Records Management - New,0.0,0.0,100.0,0.0
2025-09-01,Palesa Mahlangu,Records Management - New,0.0,0.0,100.0,0.0
2025-10-01,Palesa Mahlangu,Records Management - New,30544.67,27256.82,112.1,1527.23
2025-11-01,Palesa Mahlangu,Records Management - New,94063.53,116972.1,80.4,4703.18
2025-12-01,Palesa Mahlangu,Records Management - New,190473.35,209029.0,91.1,9523.67
2025-07-01,Palesa Mahlangu,Records Management - Ongoing,0.0,0.0,100.0,0.0
2025-08-01,Palesa Mahlangu,Records Management - Ongoing,0.0,0.0,100.0,0.0
2025-09-01,Palesa Mahlangu,Records Management - Ongoing,0.0,0.0,100.0,0.0
2025-10-01,Palesa Mahlangu,Records Management - Ongoing,0.0,0.0,100.0,0.0
2025-11-01,Palesa Mahlangu,Records Management - Ongoing,0.0,0.0,100.0,0.0
2025-12-01,Palesa Mahlangu,Records Management - Ongoing,4378.29,0.0,,218.91
2025-07-01,Palesa Mahlangu,Software Integration and Related Services,0.0,0.0,100.0,0.0
2025-08-01,Palesa Mahlangu,Software Integration and Related Services,0.0,0.0,100.0,0.0
2025-09-01,Palesa Mahlangu,Software Integration and Related Services,3184.27,0.0,,159.21
2025-10-01,Palesa Mahlangu,Software Integration and Related Services,0.0,0.0,100.0,0.0
2025-11-01,Palesa Mahlangu,Software Integration and Related Services,0.0,0.0,100.0,0.0
2025-12-01,Palesa Mahlangu,Software Integration and Related Services,0.0,0.0,100.0,0.0
2025-07-01,Amanda Pillay,Backup Storage & Management,2337.91,0.0,,116.9
2025-08-01,Amanda Pillay,Backup Storage & Management,0.0,0.0,100.0,0.0
2025-09-01,Amanda Pillay,Backup Storage & Management,1956.94,0.0,,97.85
2025-10-01,Amanda Pillay,Backup Storage & Management,0.0,0.0,100.0,0.0
2025-11-01,Amanda Pillay,Backup Storage & Management,0.0,0.0,100.0,0.0
2025-12-01,Amanda Pillay,Backup Storage & Management,0.0,0.0,100.0,0.0
2025-07-01,Amanda Pillay,Image Processing,3114.09,0.0,,155.7
2025-08-01,Amanda Pillay,Image Processing,2748.14,0.0,,137.41
2025-09-01,Amanda Pillay,Image Processing,2125.22,0.0,,106.26
2025-10-01,Amanda Pillay,Image Processing,0.0,0.0,100.0,0.0
2025-11-01,Amanda Pillay,Image Processing,0.0,0.0,100.0,0.0
2025-12-01,Amanda Pillay,Image Processing,1418.35,0.0,,70.92
2025-07-01,Amanda Pillay,Records Management - New,0.0,0.0,100.0,0.0
2025-08-01,Amanda Pillay,Records Management - New,0.0,0.0,100.0,0.0
2025-09-01,Amanda Pillay,Records Management - New,0.0,0.0,100.0,0.0
2025-10-01,Amanda Pillay,Records Management - New,0.0,0.0,100.0,0.0
2025-11-01,Amanda Pillay,Records Management - New,0.0,0.0,100.0,0.0
2025-12-01,Amanda Pillay,Records Management - New,0.0,0.0,100.0,0.0
2025-07-01,Amanda Pillay,Records Management - Ongoing,2957.91,0.0,,147.9
2025-08-01,Amanda Pillay,Records Management - Ongoing,0.0,0.0,100.0,0.0
2025-09-01,Amanda Pillay,Records Management - Ongoing,3466.56,0.0,,173.33
2025-10-01,Amanda Pillay,Records Management - Ongoing,1084.25,0.0,,54.21
2025-11-01,Amanda Pillay,Records Management - Ongoing,0.0,0.0,100.0,0.0
2025-12-01,Amanda Pillay,Records Management - Ongoing,0.0,0.0,100.0,0.0
2025-07-01,Amanda Pillay,Software Integration and Related Services,0.0,0.0,100.0,0.0
2025-08-01,Amanda Pillay,Software Integration and Related Services,0.0,0.0,100.0,0.0
2025-09-01,Amanda Pillay,Software Integration and Related Services,0.0,0.0,100.0,0.0
2025-10-01,Amanda Pillay,Software Integration and Related Services,0.0,0.0,100.0,0.0
2025-11-01,Amanda Pillay,Software Integration and Related Services,3717.93,0.0,,185.9
2025-12-01,Amanda Pillay,Software Integration and Related Services,0.0,0.0,100.0,0.0
2025-07-01,Bongani Khumalo,Backup Storage & Management,0.0,0.0,100.0,0.0
2025-08-01,Bongani Khumalo,Backup Storage & Management,0.0,0.0,100.0,0.0
2025-09-01,Bongani Khumalo,Backup Storage & Management,0.0,0.0,100.0,0.0
2025-10-01,Bongani Khumalo,Backup Storage & Management,3699.49,0.0,,184.97
2025-11-01,Bongani Khumalo,Backup Storage & Management,0.0,0.0,100.0,0.0
2025-12-01,Bongani Khumalo,Backup Storage & Management,0.0,0.0,100.0,0.0
2025-07-01,Bongani Khumalo,Image Processing,0.0,0.0,100.0,0.0
2025-08-01,Bongani Khumalo,Image Processing,0.0,0.0,100.0,0.0
2025-09-01,Bongani Khumalo,Image Processing,4693.63,0.0,,234.68
2025-10-01,Bongani Khumalo,Image Processing,0.0,0.0,100.0,0.0
2025-11-01,Bongani Khumalo,Image Processing,2431.83,0.0,,121.59
2025-12-01,Bongani Khumalo,Image Processing,0.0,0.0,100.0,0.0
2025-07-01,Bongani Khumalo,Records Management - New,0.0,0.0,100.0,0.0
2025-08-01,Bongani Khumalo,Records Management - New,0.0,0.0,100.0,0.0
2025-09-01,Bongani Khumalo,Records Management - New,585.51,0.0,,29.28
2025-10-01,Bongani Khumalo,Records Management - New,0.0,0.0,100.0,0.0
2025-11-01,Bongani Khumalo,Records Management - New,42793.68,39418.64,108.6,2139.68
2025-12-01,Bongani Khumalo,Records Management - New,8600.93,7725.6,111.3,430.05
2025-07-01,Bongani Khumalo,Records Management - Ongoing,1429.58,0.0,,71.48
2025-08-01,Bongani Khumalo,Records Management - Ongoing,1947.79,0.0,,97.39
2025-09-01,Bongani Khumalo,Records Management - Ongoing,842.71,0.0,,42.14
2025-10-01,Bongani Khumalo,Records Management - Ongoing,0.0,0.0,100.0,0.0
2025-11-01,Bongani Khumalo,Records Management - Ongoing,4535.63,0.0,,226.78
2025-12-01,Bongani Khumalo,Records Management - Ongoing,0.0,0.0,100.0,0.0
2025-07-01,Bongani Khumalo,Software Integration and Related Services,0.0,0.0,100.0,0.0
2025-08-01,Bongani Khumalo,Software Integration and Related Services,0.0,0.0,100.0,0.0
2025-09-01,Bongani Khumalo,Software Integration and Related Services,0.0,0.0,100.0,0.0
2025-10-01,Bongani Khumalo,Software Integration and Related Services,0.0,0.0,100.0,0.0
2025-11-01,Bongani Khumalo,Software Integration and Related Services,0.0,0.0,100.0,0.0
2025-12-01,Bongani Khumalo,Software Integration and Related Services,0.0,0.0,100.0,0.0
2025-07-01,Werner Botha,Backup Storage & Management,0.0,0.0,100.0,0.0
2025-08-01,Werner Botha,Backup Storage & Management,0.0,0.0,100.0,0.0
2025-09-01,Werner Botha,Backup Storage & Management,0.0,0.0,100.0,0.0
2025-10-01,Werner Botha,Backup Storage & Management,0.0,0.0,100.0,0.0
2025-11-01,Werner Botha,Backup Storage & Management,0.0,0.0,100.0,0.0
2025-12-01,Werner Botha,Backup Storage & Management,0.0,0.0,100.0,0.0
2025-07-01,Werner Botha,Image Processing,0.0,0.0,100.0,0.0
2025-08-01,Werner Botha,Image Processing,4038.44,0.0,,201.92
2025-09-01,Werner Botha,Image Processing,1617.46,0.0,,80.87
2025-10-01,Werner Botha,Image Processing,0.0,0.0,100.0,0.0
2025-11-01,Werner Botha,Image Processing,0.0,0.0,100.0,0.0
2025-12-01,Werner Botha,Image Processing,2846.86,0.0,,142.34
2025-07-01,Werner Botha,Records Management - New,0.0,0.0,100.0,0.0
2025-08-01,Werner Botha,Records Management - New,0.0,0.0,100.0,0.0
2025-09-01,Werner Botha,Records Management - New,0.0,0.0,100.0,0.0
2025-10-01,Werner Botha,Records Management - New,0.0,0.0,100.0,0.0
2025-11-01,Werner Botha,Records Management - New,3481.82,0.0,,174.09
2025-12-01,Werner Botha,Records Management - New,0.0,0.0,100.0,0.0
2025-07-01,Werner Botha,Records Management - Ongoing,0.0,0.0,100.0,0.0
2025-08-01,Werner Botha,Records Management - Ongoing,0.0,0.0,100.0,0.0
2025-09-01,Werner Botha,Records Management - Ongoing,0.0,0.0,100.0,0.0
2025-10-01,Werner Botha,Records Management - Ongoing,0.0,0.0,100.0,0.0
2025-11-01,Werner Botha,Records Management - Ongoing,4012.78,0.0,,200.64
2025-12-01,Werner Botha,Records Management - Ongoing,0.0,0.0,100.0,0.0
2025-07-01,Werner Botha,Software Integration and Related Services,0.0,0.0,100.0,0.0
2025-08-01,Werner Botha,Software Integration and Related Services,0.0,0.0,100.0,0.0
2025-09-01,Werner Botha,Software Integration and Related Services,0.0,0.0,100.0,0.0
2025-10-01,Werner Botha,Software Integration and Related Services,4978.07,0.0,,248.9
2025-11-01,Werner Botha,Software Integration and Related Services,0.0,0.0,100.0,0.0
2025-12-01,Werner Botha,Software Integration and Related Services,4252.52,0.0,,212.63
2025-07-01,Lindiwe Zulu,Backup Storage & Management,0.0,0.0,100.0,0.0
2025-08-01,Lindiwe Zulu,Backup Storage & Management,4100.97,0.0,,205.05
2025-09-01,Lindiwe Zulu,Backup Storage & Management,0.0,0.0,100.0,0.0
2025-10-01,Lindiwe Zulu,Backup Storage & Management,0.0,0.0,100.0,0.0
2025-11-01,Lindiwe Zulu,Backup Storage & Management,0.0,0.0,100.0,0.0
2025-12-01,Lindiwe Zulu,Backup Storage & Management,3497.24,0.0,,174.86
2025-07-01,Lindiwe Zulu,Image Processing,1351.8,0.0,,67.59
2025-08-01,Lindiwe Zulu,Image Processing,0.0,0.0,100.0,0.0
2025-09-01,Lindiwe Zulu,Image Processing,0.0,0.0,100.0,0.0
2025-10-01,Lindiwe Zulu,Image Processing,0.0,0.0,100.0,0.0
2025-11-01,Lindiwe Zulu,Image Processing,1045.05,0.0,,52.25
2025-12-01,Lindiwe Zulu,Image Processing,0.0,0.0,100.0,0.0
2025-07-01,Lindiwe Zulu,Records Management - New,0.0,0.0,100.0,0.0
2025-08-01,Lindiwe Zulu,Records Management - New,0.0,0.0,100.0,0.0
2025-09-01,Lindiwe Zulu,Records Management - New,0.0,0.0,100.0,0.0
2025-10-01,Lindiwe Zulu,Records Management - New,0.0,0.0,100.0,0.0
2025-11-01,Lindiwe Zulu,Records Management - New,2516.13,0.0,,125.81
2025-12-01,Lindiwe Zulu,Records Management - New,0.0,0.0,100.0,0.0
2025-07-01,Lindiwe Zulu,Records Management - Ongoing,0.0,0.0,100.0,0.0
2025-08-01,Lindiwe Zulu,Records Management - Ongoing,0.0,0.0,100.0,0.0
2025-09-01,Lindiwe Zulu,Records Management - Ongoing,0.0,0.0,100.0,0.0
2025-10-01,Lindiwe Zulu,Records Management - Ongoing,3176.62,0.0,,158.83
2025-11-01,Lindiwe Zulu,Records Management - Ongoing,1002.57,0.0,,50.13
2025-12-01,Lindiwe Zulu,Records Management - Ongoing,0.0,0.0,100.0,0.0
2025-07-01,Lindiwe Zulu,Software Integration and Related Services,0.0,0.0,100.0,0.0
2025-08-01,Lindiwe Zulu,Software Integration and Related Services,0.0,0.0,100.0,0.0
2025-09-01,Lindiwe Zulu,Software Integration and Related Services,4641.99,0.0,,232.1
2025-10-01,Lindiwe Zulu,Software Integration and Related Services,0.0,0.0,100.0,0.0
2025-11-01,Lindiwe Zulu,Software Integration and Related Services,3771.75,0.0,,188.59
2025-12-01,Lindiwe Zulu,Software Integration and Related Services,0.0,0.0,100.0,0.0
2025-07-01,Johan Pretorius,Backup Storage & Management,0.0,0.0,100.0,0.0
2025-08-01,Johan Pretorius,Backup Storage & Management,0.0,0.0,100.0,0.0
2025-09-01,Johan Pretorius,Backup Storage & Management,1998.87,0.0,,99.94
2025-10-01,Johan Pretorius,Backup Storage & Management,0.0,0.0,100.0,0.0
2025-11-01,Johan Pretorius,Backup Storage & Management,0.0,0.0,100.0,0.0
2025-12-01,Johan Pretorius,Backup Storage & Management,0.0,0.0,100.0,0.0
2025-07-01,Johan Pretorius,Image Processing,1255.27,0.0,,62.76
2025-08-01,Johan Pretorius,Image Processing,3095.9,0.0,,154.8
2025-09-01,Johan Pretorius,Image Processing,3858.79,0.0,,192.94
2025-10-01,Johan Pretorius,Image Processing,0.0,0.0,100.0,0.0
2025-11-01,Johan Pretorius,Image Processing,0.0,0.0,100.0,0.0
2025-12-01,Johan Pretorius,Image Processing,0.0,0.0,100.0,0.0
2025-07-01,Johan Pretorius,Records Management - New,0.0,0.0,100.0,0.0
2025-08-01,Johan Pretorius,Records Management - New,0.0,0.0,100.0,0.0
2025-09-01,Johan Pretorius,Records Management - New,0.0,0.0,100.0,0.0
2025-10-01,Johan Pretorius,Records Management - New,0.0,0.0,100.0,0.0
2025-11-01,Johan Pretorius,Records Management - New,0.0,0.0,100.0,0.0
2025-12-01,Johan Pretorius,Records Management - New,0.0,0.0,100.0,0.0
2025-07-01,Johan Pretorius,Records Management - Ongoing,0.0,0.0,100.0,0.0
2025-08-01,Johan Pretorius,Records Management - Ongoing,0.0,0.0,100.0,0.0
2025-09-01,Johan Pretorius,Records Management - Ongoing,0.0,0.0,100.0,0.0
2025-10-01,Johan Pretorius,Records Management - Ongoing,0.0,0.0,100.0,0.0
2025-11-01,Johan Pretorius,Records Management - Ongoing,0.0,0.0,100.0,0.0
2025-12-01,Johan Pretorius,Records Management - Ongoing,3844.12,0.0,,192.21
2025-07-01,Johan Pretorius,Software Integration and Related Services,2179.33,0.0,,108.97
2025-08-01,Johan Pretorius,Software Integration and Related Services,0.0,0.0,100.0,0.0
2025-09-01,Johan Pretorius,Software Integration and Related Services,0.0,0.0,100.0,0.0
2025-10-01,Johan Pretorius,Software Integration and Related Services,0.0,0.0,100.0,0.0
2025-11-01,Johan Pretorius,Software Integration and Related Services,1941.19,0.0,,97.06
2025-12-01,Johan Pretorius,Software Integration and Related Services,0.0,0.0,100.0,0.0
2025-07-01,Zanele Mokwena,Backup Storage & Management,3776.22,0.0,,188.81
2025-08-01,Zanele Mokwena,Backup Storage & Management,0.0,0.0,100.0,0.0
2025-09-01,Zanele Mokwena,Backup Storage & Management,0.0,0.0,100.0,0.0
2025-10-01,Zanele Mokwena,Backup Storage & Management,1730.23,0.0,,86.51
2025-11-01,Zanele Mokwena,Backup Storage & Management,0.0,0.0,100.0,0.0
2025-12-01,Zanele Mokwena,Backup Storage & Management,0.0,0.0,100.0,0.0
2025-07-01,Zanele Mokwena,Image Processing,0.0,0.0,100.0,0.0
2025-08-01,Zanele Mokwena,Image Processing,0.0,0.0,100.0,0.0
2025-09-01,Zanele Mokwena,Image Processing,0.0,0.0,100.0,0.0
2025-10-01,Zanele Mokwena,Image Processing,3146.19,0.0,,157.31
2025-11-01,Zanele Mokwena,Image Processing,0.0,0.0,100.0,0.0
2025-12-01,Zanele Mokwena,Image Processing,0.0,0.0,100.0,0.0
2025-07-01,Zanele Mokwena,Records Management - New,1506.63,0.0,,75.33
2025-08-01,Zanele Mokwena,Records Management - New,1887.79,0.0,,94.39
2025-09-01,Zanele Mokwena,Records Management - New,2630.93,0.0,,131.55
2025-10-01,Zanele Mokwena,Records Management - New,0.0,0.0,100.0,0.0
2025-11-01,Zanele Mokwena,Records Management - New,0.0,0.0,100.0,0.0
2025-12-01,Zanele Mokwena,Records Management - New,0.0,0.0,100.0,0.0
2025-07-01,Zanele Mokwena,Records Management - Ongoing,1478.08,0.0,,73.9
2025-08-01,Zanele Mokwena,Records Management - Ongoing,4772.58,0.0,,238.63
2025-09-01,Zanele Mokwena,Records Management - Ongoing,0.0,0.0,100.0,0.0
2025-10-01,Zanele Mokwena,Records Management - Ongoing,0.0,0.0,100.0,0.0
2025-11-01,Zanele Mokwena,Records Management - Ongoing,0.0,0.0,100.0,0.0
2025-12-01,Zanele Mokwena,Records Management - Ongoing,1124.76,0.0,,56.24
2025-07-01,Zanele Mokwena,Software Integration and Related Services,0.0,0.0,100.0,0.0
2025-08-01,Zanele Mokwena,Software Integration and Related Services,0.0,0.0,100.0,0.0
2025-09-01,Zanele Mokwena,Software Integration and Related Services,0.0,0.0,100.0,0.0
2025-10-01,Zanele Mokwena,Software Integration and Related Services,2691.39,0.0,,134.57
2025-11-01,Zanele Mokwena,Software Integration and Related Services,0.0,0.0,100.0,0.0
2025-12-01,Zanele Mokwena,Software Integration and Related Services,4984.16,0.0,,249.21
2025-07-01,Michael van der Berg,Backup Storage & Management,875.08,0.0,,43.75
2025-08-01,Michael van der Berg,Backup Storage & Management,988.23,0.0,,49.41
2025-09-01,Michael van der Berg,Backup Storage & Management,0.0,0.0,100.0,0.0
2025-10-01,Michael van der Berg,Backup Storage & Management,0.0,0.0,100.0,0.0
2025-11-01,Michael van der Berg,Backup Storage & Management,0.0,0.0,100.0,0.0
2025-12-01,Michael van der Berg,Backup Storage & Management,0.0,0.0,100.0,0.0
2025-07-01,Michael van der Berg,Image Processing,0.0,0.0,100.0,0.0
2025-08-01,Michael van der Berg,Image Processing,0.0,0.0,100.0,0.0
2025-09-01,Michael van der Berg,Image Processing,0.0,0.0,100.0,0.0
2025-10-01,Michael van der Berg,Image Processing,0.0,0.0,100.0,0.0
2025-11-01,Michael van der Berg,Image Processing,0.0,0.0,100.0,0.0
2025-12-01,Michael van der Berg,Image Processing,3733.53,0.0,,186.68
2025-07-01,Michael van der Berg,Records Management - New,0.0,0.0,100.0,0.0
2025-08-01,Michael van der Berg,Records Management - New,4075.71,0.0,,203.79
2025-09-01,Michael van der Berg,Records Management - New,4445.03,0.0,,222.25
2025-10-01,Michael van der Berg,Records Management - New,0.0,0.0,100.0,0.0
2025-11-01,Michael van der Berg,Records Management - New,1394.02,0.0,,69.7
2025-12-01,Michael van der Berg,Records Management - New,0.0,0.0,100.0,0.0
2025-07-01,Michael van der Berg,Records Management - Ongoing,2414.72,0.0,,120.74
2025-08-01,Michael van der Berg,Records Management - Ongoing,3439.87,0.0,,171.99
2025-09-01,Michael van der Berg,Records Management - Ongoing,0.0,0.0,100.0,0.0
2025-10-01,Michael van der Berg,Records Management - Ongoing,3223.54,0.0,,161.18
2025-11-01,Michael van der Berg,Records Management - Ongoing,3745.92,0.0,,187.3
2025-12-01,Michael van der Berg,Records Management - Ongoing,0.0,0.0,100.0,0.0
2025-07-01,Michael van der Berg,Software Integration and Related Services,0.0,0.0,100.0,0.0
2025-08-01,Michael van der Berg,Software Integration and Related Services,0.0,0.0,100.0,0.0
2025-09-01,Michael van der Berg,Software Integration and Related Services,0.0,0.0,100.0,0.0
2025-10-01,Michael van der Berg,Software Integration and Related Services,0.0,0.0,100.0,0.0
2025-11-01,Michael van der Berg,Software Integration and Related Services,0.0,0.0,100.0,0.0
2025-12-01,Michael van der Berg,Software Integration and Related Services,4642.09,0.0,,232.1
2025-07-01,Precious Nkosi,Backup Storage & Management,4960.17,0.0,,248.01
2025-08-01,Precious Nkosi,Backup Storage & Management,0.0,0.0,100.0,0.0
2025-09-01,Precious Nkosi,Backup Storage & Management,0.0,0.0,100.0,0.0
2025-10-01,Precious Nkosi,Backup Storage & Management,0.0,0.0,100.0,0.0
2025-11-01,Precious Nkosi,Backup Storage & Management,0.0,0.0,100.0,0.0
2025-12-01,Precious Nkosi,Backup Storage & Management,1533.63,0.0,,76.68
2025-07-01,Precious Nkosi,Image Processing,2460.25,0.0,,123.01
2025-08-01,Precious Nkosi,Image Processing,0.0,0.0,100.0,0.0
2025-09-01,Precious Nkosi,Image Processing,0.0,0.0,100.0,0.0
2025-10-01,Precious Nkosi,Image Processing,1863.46,0.0,,93.17
2025-11-01,Precious Nkosi,Image Processing,0.0,0.0,100.0,0.0
2025-12-01,Precious Nkosi,Image Processing,0.0,0.0,100.0,0.0
2025-07-01,Precious Nkosi,Records Management - New,0.0,0.0,100.0,0.0
2025-08-01,Precious Nkosi,Records Management - New,0.0,0.0,100.0,0.0
2025-09-01,Precious Nkosi,Records Management - New,0.0,0.0,100.0,0.0
2025-10-01,Precious Nkosi,Records Management - New,0.0,0.0,100.0,0.0
2025-11-01,Precious Nkosi,Records Management - New,0.0,0.0,100.0,0.0
2025-12-01,Precious Nkosi,Records Management - New,0.0,0.0,100.0,0.0
2025-07-01,Precious Nkosi,Records Management - Ongoing,1323.8,0.0,,66.19
2025-08-01,Precious Nkosi,Records Management - Ongoing,0.0,0.0,100.0,0.0
2025-09-01,Precious Nkosi,Records Management - Ongoing,4242.45,0.0,,212.12
2025-10-01,Precious Nkosi,Records Management - Ongoing,0.0,0.0,100.0,0.0
2025-11-01,Precious Nkosi,Records Management - Ongoing,0.0,0.0,100.0,0.0
2025-12-01,Precious Nkosi,Records Management - Ongoing,0.0,0.0,100.0,0.0
2025-07-01,Precious Nkosi,Software Integration and Related Services,2955.59,0.0,,147.78
2025-08-01,Precious Nkosi,Software Integration and Related Services,0.0,0.0,100.0,0.0
2025-09-01,Precious Nkosi,Software Integration and Related Services,0.0,0.0,100.0,0.0
2025-10-01,Precious Nkosi,Software Integration and Related Services,0.0,0.0,100.0,0.0
2025-11-01,Precious Nkosi,Software Integration and Related Services,1665.53,0.0,,83.28
2025-12-01,Precious Nkosi,Software Integration and Related Services,835.63,0.0,,41.78
2025-07-01,Grant Naidoo,Backup Storage & Management,0.0,0.0,100.0,0.0
2025-08-01,Grant Naidoo,Backup Storage & Management,0.0,0.0,100.0,0.0
2025-09-01,Grant Naidoo,Backup Storage & Management,0.0,0.0,100.0,0.0
2025-10-01,Grant Naidoo,Backup Storage & Management,0.0,0.0,100.0,0.0
2025-11-01,Grant Naidoo,Backup Storage & Management,0.0,0.0,100.0,0.0
2025-12-01,Grant Naidoo,Backup Storage & Management,0.0,0.0,100.0,0.0
2025-07-01,Grant Naidoo,Image Processing,0.0,0.0,100.0,0.0
2025-08-01,Grant Naidoo,Image Processing,0.0,0.0,100.0,0.0
2025-09-01,Grant Naidoo,Image Processing,0.0,0.0,100.0,0.0
2025-10-01,Grant Naidoo,Image Processing,0.0,0.0,100.0,0.0
2025-11-01,Grant Naidoo,Image Processing,0.0,0.0,100.0,0.0
2025-12-01,Grant Naidoo,Image Processing,0.0,0.0,100.0,0.0
2025-07-01,Grant Naidoo,Records Management - New,1174.18,0.0,,58.71
2025-08-01,Grant Naidoo,Records Management - New,0.0,0.0,100.0,0.0
2025-09-01,Grant Naidoo,Records Management - New,0.0,0.0,100.0,0.0
2025-10-01,Grant Naidoo,Records Management - New,3987.17,0.0,,199.36
2025-11-01,Grant Naidoo,Records Management - New,1484.82,0.0,,74.24
2025-12-01,Grant Naidoo,Records Management - New,0.0,0.0,100.0,0.0
2025-07-01,Grant Naidoo,Records Management - Ongoing,0.0,0.0,100.0,0.0
2025-08-01,Grant Naidoo,Records Management - Ongoing,0.0,0.0,100.0,0.0
2025-09-01,Grant Naidoo,Records Management - Ongoing,3258.23,0.0,,162.91
2025-10-01,Grant Naidoo,Records Management - Ongoing,0.0,0.0,100.0,0.0
2025-11-01,Grant Naidoo,Records Management - Ongoing,0.0,0.0,100.0,0.0
2025-12-01,Grant Naidoo,Records Management - Ongoing,0.0,0.0,100.0,0.0
2025-07-01,Grant Naidoo,Software Integration and Related Services,0.0,0.0,100.0,0.0
2025-08-01,Grant Naidoo,Software Integration and Related Services,1196.52,0.0,,59.83
2025-09-01,Grant Naidoo,Software Integration and Related Services,0.0,0.0,100.0,0.0
2025-10-01,Grant Naidoo,Software Integration and Related Services,0.0,0.0,100.0,0.0
2025-11-01,Grant Naidoo,Software Integration and Related Services,0.0,0.0,100.0,0.0
2025-12-01,Grant Naidoo,Software Integration and Related Services,2429.85,0.0,,121.49
2025-07-01,House Account,Backup Storage & Management,1909.92,0.0,,95.5
2025-08-01,House Account,Backup Storage & Management,0.0,0.0,100.0,0.0
2025-09-01,House Account,Backup Storage & Management,1191.5,0.0,,59.58
2025-10-01,House Account,Backup Storage & Management,0.0,0.0,100.0,0.0
2025-11-01,House Account,Backup Storage & Management,0.0,0.0,100.0,0.0
2025-12-01,House Account,Backup Storage & Management,2569.39,0.0,,128.47
2025-07-01,House Account,Image Processing,842.21,0.0,,42.11
2025-08-01,House Account,Image Processing,0.0,0.0,100.0,0.0
2025-09-01,House Account,Image Processing,0.0,0.0,100.0,0.0
2025-10-01,House Account,Image Processing,0.0,0.0,100.0,0.0
2025-11-01,House Account,Image Processing,0.0,0.0,100.0,0.0
2025-12-01,House Account,Image Processing,0.0,0.0,100.0,0.0
2025-07-01,House Account,Records Management - New,0.0,0.0,100.0,0.0
2025-08-01,House Account,Records Management - New,0.0,0.0,100.0,0.0
2025-09-01,House Account,Records Management - New,1831.58,0.0,,91.58
2025-10-01,House Account,Records Management - New,0.0,0.0,100.0,0.0
2025-11-01,House Account,Records Management - New,4331.17,0.0,,216.56
2025-12-01,House Account,Records Management - New,0.0,0.0,100.0,0.0
2025-07-01,House Account,Records Management - Ongoing,3214.66,0.0,,160.73
2025-08-01,House Account,Records Management - Ongoing,0.0,0.0,100.0,0.0
2025-09-01,House Account,Records Management - Ongoing,0.0,0.0,100.0,0.0
2025-10-01,House Account,Records Management - Ongoing,0.0,0.0,100.0,0.0
2025-11-01,House Account,Records Management - Ongoing,0.0,0.0,100.0,0.0
2025-12-01,House Account,Records Management - Ongoing,0.0,0.0,100.0,0.0
2025-07-01,House Account,Software Integration and Related Services,0.0,0.0,100.0,0.0
2025-08-01,House Account,Software Integration and Related Services,0.0,0.0,100.0,0.0
2025-09-01,House Account,Software Integration and Related Services,0.0,0.0,100.0,0.0
2025-10-01,House Account,Software Integration and Related Services,0.0,0.0,100.0,0.0
2025-11-01,House Account,Software Integration and Related Services,0.0,0.0,100.0,0.0
2025-12-01,House Account,Software Integration and Related Services,1821.84,0.0,,91.09
